 
        {
        "id": "m1",
        "titulo": "Homenagem a J. Serra",
        "tipo": "Marcha de Desfile",
        "compositor": "Ilídio Costa",
        "instrumentos": [
         
        {"nome": "Maestro",
         "partitura": {
            "path": "HomenagemJSerra-maestro.pdf"
        
        }}
        ,
         
        {"nome": "Flauta",
         "partitura": {
            "path": "HomenagemJSerra-flauta1.pdf"
        , "voz": "I"
        }}
        ,
         
        {"nome": "Flauta",
         "partitura": {
            "path": "HomenagemJSerra-flauta1.pdf"
        , "voz": "II"
        }}
        ,
         
        {"nome": "Clarinete",
         "partitura": {
            "path": "HomenagemJSerra-clarinete.pdf"
        
        }}
        ,
         
        {"nome": "Clarinete",
         "partitura": {
            "path": "HomenagemJSerra-clarinete1.pdf"
        , "voz": "I"
        }}
        ,
         
        {"nome": "Clarinete",
         "partitura": {
            "path": "HomenagemJSerra-clarinete2.pdf"
        , "voz": "II"
        }}
        ,
         
        {"nome": "Clarinete",
         "partitura": {
            "path": "HomenagemJSerra-clarinete3.pdf"
        , "voz": "III"
        }}
        ,
         
        {"nome": "Sax Barítono",
         "partitura": {
            "path": "HomenagemJSerra-saxB.pdf"
        
        }}
        ,
         
        {"nome": "Sax Tenor",
         "partitura": {
            "path": "HomenagemJSerra-saxT.pdf"
        
        }}
        ,
         
        {"nome": "Sax Alto",
         "partitura": {
            "path": "HomenagemJSerra-saxA.pdf"
        
        }}
        ,
         
        {"nome": "Trompete",
         "partitura": {
            "path": "HomenagemJSerra-trompete1.pdf"
        , "voz": "I"
        }}
        ,
         
        {"nome": "Trompete",
         "partitura": {
            "path": "HomenagemJSerra-trompete2.pdf"
        , "voz": "II"
        }}
        ,
         
        {"nome": "Trompete",
         "partitura": {
            "path": "HomenagemJSerra-trompete3.pdf"
        , "voz": "III"
        }}
        ,
         
        {"nome": "Trompa",
         "partitura": {
            "path": "HomenagemJSerra-trompa1.pdf"
        , "voz": "I"
        }}
        ,
         
        {"nome": "Trompa",
         "partitura": {
            "path": "HomenagemJSerra-trompa1.pdf"
        , "voz": "II"
        }}
        ,
         
        {"nome": "Trompa",
         "partitura": {
            "path": "HomenagemJSerra-trompa3.pdf"
        , "voz": "III"
        }}
        ,
         
        {"nome": "Trompa",
         "partitura": {
            "path": "HomenagemJSerra-trompa4.pdf"
        , "voz": "IV"
        }}
        ,
         
        {"nome": "Trombone",
         "partitura": {
            "path": "HomenagemJSerra-trombone1.pdf"
        , "voz": "I"
        }}
        ,
         
        {"nome": "Trombone",
         "partitura": {
            "path": "HomenagemJSerra-trombone2.pdf"
        , "voz": "II"
        }}
        ,
         
        {"nome": "Trombone",
         "partitura": {
            "path": "HomenagemJSerra-trombone3.pdf"
        , "voz": "III"
        }}
        ,
         
        {"nome": "Eufónio",
         "partitura": {
            "path": "HomenagemJSerra-eufonio.pdf"
        
        }}
        ,
         
        {"nome": "Tuba",
         "partitura": {
            "path": "HomenagemJSerra-tuba.pdf"
        
        }}
        ,
         
        {"nome": "Tuba",
         "partitura": {
            "path": "HomenagemJSerra-tuba-fa.pdf"
        , "clave": "Fá"
        }}
        ,
         
        {"nome": "Fagote",
         "partitura": {
            "path": "HomenagemJSerra-fagote.pdf"
        
        }}
        ,
         
        {"nome": "Caixa",
         "partitura": {
            "path": "HomenagemJSerra-caixa.pdf"
        
        }}
        ,
         
        {"nome": "Bateria",
         "partitura": {
            "path": "HomenagemJSerra-bateria.pdf"
        
        }}
        
      ]
    
   }
    