
        {
        "id": "m10",
        
      
        "titulo": "Senhora Nossa",
    
      
        "tipo": "Marcha de Procissão",
    
      
        "compositor": "Álvaro Reis",
    
      
        "instrumentos": [
         
        {"nome": "All",
         "partitura": {
            "path": "SraNossa-all.pdf"
        
        }}
        ,
         
        {"nome": "Bombo",
         "partitura": {
            "path": "SraNossa-bombo-caixa-pratos.pdf"
        
        }}
        ,
         
        {"nome": "Caixa",
         "partitura": {
            "path": "SraNossa-bombo-caixa-pratos.pdf"
        
        }}
        ,
         
        {"nome": "Pratos",
         "partitura": {
            "path": "SraNossa-bombo-caixa-pratos.pdf"
        
        }}
        ,
         
        {"nome": "Clarinete Baixo",
         "partitura": {
            "path": "SraNossa-clarinete-baixo-saxS.pdf"
        
        }}
        ,
         
        {"nome": "Sax Soprano",
         "partitura": {
            "path": "SraNossa-clarinete-baixo-saxS.pdf"
        
        }}
        ,
         
        {"nome": "Clarinete",
         "partitura": {
            "path": "SraNossa-clarinete1-requinta.pdf"
        , "voz": "I"
        }}
        ,
         
        {"nome": "Requinta",
         "partitura": {
            "path": "SraNossa-clarinete1-requinta.pdf"
        
        }}
        ,
         
        {"nome": "Clarinete",
         "partitura": {
            "path": "SraNossa-clarinete2-3.pdf"
        , "voz": "II"
        }}
        ,
         
        {"nome": "Clarinete",
         "partitura": {
            "path": "SraNossa-clarinete2-3.pdf"
        , "voz": "III"
        }}
        ,
         
        {"nome": "Contrabaixo",
         "partitura": {
            "path": "SraNossa-contrabaixo-tuba-fa-do.pdf"
        
        }}
        ,
         
        {"nome": "Tuba",
         "partitura": {
            "path": "SraNossa-contrabaixo-tuba-fa-do.pdf"
        , "clave": "Fá", "afinacao": "Dó"
        }}
        ,
         
        {"nome": "Eufónio",
         "partitura": {
            "path": "SraNossa-contrabaixo-eufonio-fa-do-sol-sib.pdf"
        , "clave": "Fá", "afinacao": "Dó"
        }}
        ,
         
        {"nome": "Eufónio",
         "partitura": {
            "path": "SraNossa-contrabaixo-eufonio-fa-do-sol-sib.pdf"
        , "clave": "Sol", "afinacao": "Sib"
        }}
        ,
         
        {"nome": "Fagote",
         "partitura": {
            "path": "SraNossa-fagote-oboe.pdf"
        
        }}
        ,
         
        {"nome": "Oboé",
         "partitura": {
            "path": "SraNossa-fagote-oboe.pdf"
        
        }}
        ,
         
        {"nome": "Flauta",
         "partitura": {
            "path": "SraNossa-flauta1-2-flautim.pdf"
        , "voz": "I"
        }}
        ,
         
        {"nome": "Flauta",
         "partitura": {
            "path": "SraNossa-flauta1-2-flautim.pdf"
        , "voz": "II"
        }}
        ,
         
        {"nome": "Flautim",
         "partitura": {
            "path": "SraNossa-flauta1-2-flautim.pdf"
        
        }}
        ,
         
        {"nome": "Lira",
         "partitura": {
            "path": "SraNossa-lira-tuba-sol-sib.pdf"
        
        }}
        ,
         
        {"nome": "Tuba",
         "partitura": {
            "path": "SraNossa-lira-tuba-sol-sib.pdf"
        , "clave": "Sol", "afinacao": "Sib"
        }}
        ,
         
        {"nome": "Maestro",
         "partitura": {
            "path": "SraNossa-maestro.pdf"
        
        }}
        ,
         
        {"nome": "Sax Alto",
         "partitura": {
            "path": "SraNossa-saxA1-2.pdf"
        , "voz": "I"
        }}
        ,
         
        {"nome": "Sax Alto",
         "partitura": {
            "path": "SraNossa-saxA1-2.pdf"
        , "voz": "II"
        }}
        ,
         
        {"nome": "Sax Barítono",
         "partitura": {
            "path": "SraNossa-saxB-saxT.pdf"
        
        }}
        ,
         
        {"nome": "Sax Tenor",
         "partitura": {
            "path": "SraNossa-saxB-saxT.pdf"
        
        }}
        ,
         
        {"nome": "Trombone",
         "partitura": {
            "path": "SraNossa-trombone1-trompa3.pdf"
        , "voz": "I"
        }}
        ,
         
        {"nome": "Trompa",
         "partitura": {
            "path": "SraNossa-trombone1-trompa3.pdf"
        , "voz": "III"
        }}
        ,
         
        {"nome": "Trombone",
         "partitura": {
            "path": "SraNossa-trombone2-3.pdf"
        , "voz": "II"
        }}
        ,
         
        {"nome": "Trombone",
         "partitura": {
            "path": "SraNossa-trombone2-3.pdf"
        , "voz": "III"
        }}
        ,
         
        {"nome": "Trompa",
         "partitura": {
            "path": "SraNossa-trompa1-2.pdf"
        , "voz": "I"
        }}
        ,
         
        {"nome": "Trompa",
         "partitura": {
            "path": "SraNossa-trompa1-2.pdf"
        , "voz": "II"
        }}
        ,
         
        {"nome": "Trompete",
         "partitura": {
            "path": "SraNossa-trompete1-2-3.pdf"
        , "voz": "I"
        }}
        ,
         
        {"nome": "Trompete",
         "partitura": {
            "path": "SraNossa-trompete1-2-3.pdf"
        , "voz": "II"
        }}
        ,
         
        {"nome": "Trompete",
         "partitura": {
            "path": "SraNossa-trompete1-2-3.pdf"
        , "voz": "III"
        }}
        
      ]
    
   }
    