
        {
        "id": "m13",
        
      
        "titulo": "Casa de S. Paulo",
    
      
        "tipo": "Marcha de Procissão",
    
      
        "compositor": "Ilídio Costa",
    
      
        "instrumentos": [
         
        {"nome": "Clarinete",
         "partitura": {
            "path": "CasaSPaulo-clarinete1.pdf"
        , "voz": "I"
        }}
        ,
         
        {"nome": "Clarinete",
         "partitura": {
            "path": "CasaSPaulo-clarinete2.pdf"
        , "voz": "II"
        }}
        ,
         
        {"nome": "Clarinete",
         "partitura": {
            "path": "CasaSPaulo-clarinete3.pdf"
        , "voz": "III"
        }}
        ,
         
        {"nome": "Contrabaixo",
         "partitura": {
            "path": "CasaSPaulo-contrabaixo.pdf"
        
        }}
        ,
         
        {"nome": "Eufónio",
         "partitura": {
            "path": "CasaSPaulo-eufonio.pdf"
        
        }}
        ,
         
        {"nome": "Eufónio",
         "partitura": {
            "path": "CasaSPaulo-eufonio-sol.pdf"
        , "clave": "Sol"
        }}
        ,
         
        {"nome": "Flauta",
         "partitura": {
            "path": "CasaSPaulo-flauta.pdf"
        
        }}
        ,
         
        {"nome": "Maestro",
         "partitura": {
            "path": "CasaSPaulo-maestro.pdf"
        
        }}
        ,
         
        {"nome": "Percussão",
         "partitura": {
            "path": "CasaSPaulo-percussao.pdf"
        
        }}
        ,
         
        {"nome": "Requinta",
         "partitura": {
            "path": "CasaSPaulo-requinta.pdf"
        
        }}
        ,
         
        {"nome": "Sax Alto",
         "partitura": {
            "path": "CasaSPaulo-saxA.pdf"
        
        }}
        ,
         
        {"nome": "Sax Tenor",
         "partitura": {
            "path": "CasaSPaulo-saxT.pdf"
        
        }}
        ,
         
        {"nome": "Trombone",
         "partitura": {
            "path": "CasaSPaulo-trombone1.pdf"
        , "voz": "I"
        }}
        ,
         
        {"nome": "Trombone",
         "partitura": {
            "path": "CasaSPaulo-trombone2.pdf"
        , "voz": "II"
        }}
        ,
         
        {"nome": "Trombone",
         "partitura": {
            "path": "CasaSPaulo-trombone3.pdf"
        , "voz": "III"
        }}
        ,
         
        {"nome": "Trompete",
         "partitura": {
            "path": "CasaSPaulo-trompete1.pdf"
        , "voz": "I"
        }}
        ,
         
        {"nome": "Trompete",
         "partitura": {
            "path": "CasaSPaulo-trompete2.pdf"
        , "voz": "II"
        }}
        ,
         
        {"nome": "Trompete",
         "partitura": {
            "path": "CasaSPaulo-trompete3.pdf"
        , "voz": "III"
        }}
        ,
         
        {"nome": "Tuba",
         "partitura": {
            "path": "CasaSPaulo-tuba.pdf"
        
        }}
        ,
         
        {"nome": "Tuba",
         "partitura": {
            "path": "CasaSPaulo-tuba-sol.pdf"
        , "clave": "Sol"
        }}
        
      ]
    
   }
    