
        {
        "id": "m14",
        
      
        "titulo": "Filarmonia",
    
      
        "tipo": "Marcha de Desfile",
    
      
        "compositor": "Afonso Alves",
    
      
        "instrumentos": [
         
        {"nome": "All",
         "partitura": {
            "path": "Filarmonia-all.pdf"
        
        }}
        ,
         
        {"nome": "Maestro",
         "partitura": {
            "path": "Filarmonia-maestro.pdf"
        
        }}
        ,
         
        {"nome": "Bombo",
         "partitura": {
            "path": "Filarmonia-bombo-pratos-flauta.pdf"
        
        }}
        ,
         
        {"nome": "Pratos",
         "partitura": {
            "path": "Filarmonia-bombo-pratos-flauta.pdf"
        
        }}
        ,
         
        {"nome": "Flauta",
         "partitura": {
            "path": "Filarmonia-bombo-pratos-flauta.pdf"
        
        }}
        ,
         
        {"nome": "Oboé",
         "partitura": {
            "path": "Filarmonia-oboe-trompa.pdf"
        
        }}
        ,
         
        {"nome": "Trompa",
         "partitura": {
            "path": "Filarmonia-oboe-trompa.pdf"
        
        }}
        ,
         
        {"nome": "Lira",
         "partitura": {
            "path": "Filarmonia-lira-fagote.pdf"
        
        }}
        ,
         
        {"nome": "Fagote",
         "partitura": {
            "path": "Filarmonia-lira-fagote.pdf"
        
        }}
        ,
         
        {"nome": "Caixa",
         "partitura": {
            "path": "Filarmonia-caixa-requinta.pdf"
        
        }}
        ,
         
        {"nome": "Requinta",
         "partitura": {
            "path": "Filarmonia-caixa-requinta.pdf"
        
        }}
        ,
         
        {"nome": "Clarinete",
         "partitura": {
            "path": "Filarmonia-clarinete1-3.pdf"
        , "voz": "I"
        }}
        ,
         
        {"nome": "Clarinete",
         "partitura": {
            "path": "Filarmonia-trompete-clarinete2.pdf"
        , "voz": "II"
        }}
        ,
         
        {"nome": "Clarinete",
         "partitura": {
            "path": "Filarmonia-clarinete1-3.pdf"
        , "voz": "III"
        }}
        ,
         
        {"nome": "Trompete",
         "partitura": {
            "path": "Filarmonia-trompete-clarinete2.pdf"
        , "voz": "I"
        }}
        ,
         
        {"nome": "Sax Soprano",
         "partitura": {
            "path": "Filarmonia-saxS-saxB.pdf"
        
        }}
        ,
         
        {"nome": "Sax Barítono",
         "partitura": {
            "path": "Filarmonia-saxS-saxB.pdf"
        
        }}
        ,
         
        {"nome": "Sax Alto",
         "partitura": {
            "path": "Filarmonia-saxA-saxT.pdf"
        
        }}
        ,
         
        {"nome": "Sax Tenor",
         "partitura": {
            "path": "Filarmonia-saxA-saxT.pdf"
        
        }}
        ,
         
        {"nome": "Trompete",
         "partitura": {
            "path": "Filarmonia-trompete2-3.pdf"
        , "voz": "II"
        }}
        ,
         
        {"nome": "Trompete",
         "partitura": {
            "path": "Filarmonia-trompete2-3.pdf"
        , "voz": "III"
        }}
        ,
         
        {"nome": "Trompa",
         "partitura": {
            "path": "Filarmonia-trompa.pdf"
        
        }}
        ,
         
        {"nome": "Trombone",
         "partitura": {
            "path": "Filarmonia-trombone1-eufonio.pdf"
        , "voz": "I"
        }}
        ,
         
        {"nome": "Eufónio",
         "partitura": {
            "path": "Filarmonia-trombone1-eufonio.pdf"
        
        }}
        ,
         
        {"nome": "Trombone",
         "partitura": {
            "path": "Filarmonia-trombone2-3.pdf"
        , "voz": "II"
        }}
        ,
         
        {"nome": "Trombone",
         "partitura": {
            "path": "Filarmonia-trombone2-3.pdf"
        , "voz": "III"
        }}
        ,
         
        {"nome": "Tuba",
         "partitura": {
            "path": "Filarmonia-tuba.pdf"
        
        }}
        
      ]
    
   }
    