
        {
        "id": "m15",
        
      
        "titulo": "Caçadores do I",
    
      
        "tipo": "Marcha de Desfile",
    
      
        "compositor": "Amílcar Morais",
    
      
        "instrumentos": [
         
        {"nome": "All",
         "partitura": {
            "path": "CacadoresI-all.pdf"
        
        }}
        ,
         
        {"nome": "Caixa",
         "partitura": {
            "path": "CacadoresI-caixa.pdf"
        
        }}
        ,
         
        {"nome": "Clarinete Alto",
         "partitura": {
            "path": "CacadoresI-clarinete-alto.pdf"
        
        }}
        ,
         
        {"nome": "Clarinete Baixo",
         "partitura": {
            "path": "CacadoresI-clarinete-baixo.pdf"
        
        }}
        ,
         
        {"nome": "Clarinete",
         "partitura": {
            "path": "CacadoresI-clarinete1.pdf"
        , "voz": "I"
        }}
        ,
         
        {"nome": "Clarinete",
         "partitura": {
            "path": "CacadoresI-clarinete2.pdf"
        , "voz": "II"
        }}
        ,
         
        {"nome": "Clarinete",
         "partitura": {
            "path": "CacadoresI-clarinete3.pdf"
        , "voz": "III"
        }}
        ,
         
        {"nome": "Corneta",
         "partitura": {
            "path": "CacadoresI-corneta1.pdf"
        , "voz": "I"
        }}
        ,
         
        {"nome": "Corneta",
         "partitura": {
            "path": "CacadoresI-corneta2.pdf"
        , "voz": "II"
        }}
        ,
         
        {"nome": "Eufónio",
         "partitura": {
            "path": "CacadoresI-eufonio-sol.pdf"
        , "clave": "Sol"
        }}
        ,
         
        {"nome": "Eufónio",
         "partitura": {
            "path": "CacadoresI-eufonio.pdf"
        , "clave": "Fá"
        }}
        ,
         
        {"nome": "Fagote",
         "partitura": {
            "path": "CacadoresI-fagote.pdf"
        
        }}
        ,
         
        {"nome": "Flauta",
         "partitura": {
            "path": "CacadoresI-flauta.pdf"
        
        }}
        ,
         
        {"nome": "Fliscorne",
         "partitura": {
            "path": "CacadoresI-fliscorne1.pdf"
        , "voz": "I"
        }}
        ,
         
        {"nome": "Fliscorne",
         "partitura": {
            "path": "CacadoresI-fliscorne2.pdf"
        , "voz": "II"
        }}
        ,
         
        {"nome": "Oboé",
         "partitura": {
            "path": "CacadoresI-oboe.pdf"
        
        }}
        ,
         
        {"nome": "Sax Alto",
         "partitura": {
            "path": "CacadoresI-saxA.pdf"
        
        }}
        ,
         
        {"nome": "Sax Barítono",
         "partitura": {
            "path": "CacadoresI-saxB.pdf"
        
        }}
        ,
         
        {"nome": "Sax Soprano",
         "partitura": {
            "path": "CacadoresI-saxS.pdf"
        
        }}
        ,
         
        {"nome": "Sax Tenor",
         "partitura": {
            "path": "CacadoresI-saxT.pdf"
        
        }}
        ,
         
        {"nome": "Trombone",
         "partitura": {
            "path": "CacadoresI-trombone.pdf"
        
        }}
        ,
         
        {"nome": "Trombone",
         "partitura": {
            "path": "CacadoresI-trombone1.pdf"
        , "voz": "I"
        }}
        ,
         
        {"nome": "Trombone",
         "partitura": {
            "path": "CacadoresI-trombone2.pdf"
        , "voz": "II"
        }}
        ,
         
        {"nome": "Trompa",
         "partitura": {
            "path": "CacadoresI-trompa1.pdf"
        , "voz": "I"
        }}
        ,
         
        {"nome": "Trompa",
         "partitura": {
            "path": "CacadoresI-trompa2.pdf"
        , "voz": "II"
        }}
        ,
         
        {"nome": "Trompa",
         "partitura": {
            "path": "CacadoresI-trompa3.pdf"
        , "voz": "III"
        }}
        ,
         
        {"nome": "Trompa",
         "partitura": {
            "path": "CacadoresI-trompa4.pdf"
        , "voz": "IV"
        }}
        ,
         
        {"nome": "Trompete",
         "partitura": {
            "path": "CacadoresI-trompete1.pdf"
        , "voz": "I"
        }}
        ,
         
        {"nome": "Trompete",
         "partitura": {
            "path": "CacadoresI-trompete2.pdf"
        , "voz": "II"
        }}
        ,
         
        {"nome": "Trompete",
         "partitura": {
            "path": "CacadoresI-trompete3.pdf"
        , "voz": "III"
        }}
        ,
         
        {"nome": "Tuba",
         "partitura": {
            "path": "CacadoresI-tuba-sol.pdf"
        , "clave": "Sol"
        }}
        ,
         
        {"nome": "Tuba",
         "partitura": {
            "path": "CacadoresI-tuba.pdf"
        , "clave": "Fá"
        }}
        ,
         
        {"nome": "Xilofone",
         "partitura": {
            "path": "CacadoresI-xilofone.pdf"
        
        }}
        
      ]
    
   }
    