
        {
        "id": "m2",
        
      
        "titulo": "Armindo Alves",
    
      
        "tipo": "Marcha de Desfile",
    
      
        "compositor": "Ilídio Costa",
    
      
        "instrumentos": [
         
        {"nome": "Sax Barítono",
         "partitura": {
            "path": "ArmindoAlves-saxB.tif"
        
        }}
        ,
         
        {"nome": "Sax Soprano",
         "partitura": {
            "path": "ArmindoAlves-saxS.tif"
        
        }}
        ,
         
        {"nome": "Sax Alto",
         "partitura": {
            "path": "ArmindoAlves-saxA.tif"
        
        }}
        ,
         
        {"nome": "Sax Tenor",
         "partitura": {
            "path": "ArmindoAlves-saxT.tif"
        
        }}
        ,
         
        {"nome": "Flauta",
         "partitura": {
            "path": "ArmindoAlves-flauta.tif"
        
        }}
        ,
         
        {"nome": "Clarinete",
         "partitura": {
            "path": "ArmindoAlves-clarinete1.tif"
        , "voz": "I"
        }}
        ,
         
        {"nome": "Clarinete",
         "partitura": {
            "path": "ArmindoAlves-clarinete2.tif"
        , "voz": "II"
        }}
        ,
         
        {"nome": "Clarinete",
         "partitura": {
            "path": "ArmindoAlves-clarinete3.tif"
        , "voz": "III"
        }}
        ,
         
        {"nome": "Trompete",
         "partitura": {
            "path": "ArmindoAlves-trompete1.tif"
        , "voz": "I"
        }}
        ,
         
        {"nome": "Trompete",
         "partitura": {
            "path": "ArmindoAlves-trompete2.tif"
        , "voz": "II"
        }}
        ,
         
        {"nome": "Trompete",
         "partitura": {
            "path": "ArmindoAlves-trompete3.tif"
        , "voz": "III"
        }}
        ,
         
        {"nome": "Trompa",
         "partitura": {
            "path": "ArmindoAlves-trompa.tif"
        
        }}
        ,
         
        {"nome": "Trombone",
         "partitura": {
            "path": "ArmindoAlves-trombone1.tif"
        , "voz": "I"
        }}
        ,
         
        {"nome": "Trombone",
         "partitura": {
            "path": "ArmindoAlves-trombone2.tif"
        , "voz": "II"
        }}
        ,
         
        {"nome": "Trombone",
         "partitura": {
            "path": "ArmindoAlves-trombone3.tif"
        , "voz": "III"
        }}
        ,
         
        {"nome": "Eufónio",
         "partitura": {
            "path": "ArmindoAlves-eufonio.tif"
        , "clave": "Fá", "afinacao": "Sib"
        }}
        ,
        
        {"nome": "Eufónio",
         "partitura": {
            "path": "ArmindoAlves-eufonio-sol-sib.tif"
        , "clave": "Sol", "afinacao": "Sib"
        }}
        ,
         
        {"nome": "Tuba",
         "partitura": {
            "path": "ArmindoAlves-tuba1.tif"
        , "voz": "I"
        }}
        ,
         
        {"nome": "Tuba",
         "partitura": {
            "path": "ArmindoAlves-tuba2.tif"
        , "voz": "II"
        }}
        ,
         
        {"nome": "Caixa",
         "partitura": {
            "path": "ArmindoAlves-caixa.tif"
        
        }}
        ,
         
        {"nome": "Bombo",
         "partitura": {
            "path": "ArmindoAlves-bombo.tif"
        
        }}
        
      ]
    
   }
    