
        {
        "id": "m5",
        
      
        "titulo": "Holiday in Rio",
    
      
        "tipo": "Marcha de Concerto/Pasodoble",
    
      
        "compositor": "W. Scneider - Argenbuhl",
    
      
        "arranjo": "S. MacMillan",
    
      
        "instrumentos": [
         
        {"nome": "Bombo",
         "partitura": {
            "path": "HolidayRio-bombo.pdf"
        
        }}
        ,
         
        {"nome": "Clarinete Baixo",
         "partitura": {
            "path": "HolidayRio-clarinete-baixo.pdf"
        
        }}
        ,
         
        {"nome": "Clarinete",
         "partitura": {
            "path": "HolidayRio-clarinete1-A.pdf"
        , "voz": "Ia"
        }}
        ,
         
        {"nome": "Clarinete",
         "partitura": {
            "path": "HolidayRio-clarinete1-B.pdf"
        , "voz": "Ib"
        }}
        ,
         
        {"nome": "Clarinete",
         "partitura": {
            "path": "HolidayRio-clarinete2.pdf"
        , "voz": "II"
        }}
        ,
         
        {"nome": "Clarinete",
         "partitura": {
            "path": "HolidayRio-clarinete3.pdf"
        , "voz": "III"
        }}
        ,
         
        {"nome": "Congas",
         "partitura": {
            "path": "HolidayRio-congas.pdf"
        
        }}
        ,
         
        {"nome": "Eufónio",
         "partitura": {
            "path": "HolidayRio-eufonio.pdf"
        
        }}
        ,
         
        {"nome": "Flauta",
         "partitura": {
            "path": "HolidayRio-flauta.pdf"
        
        }}
        ,
         
        {"nome": "Pandeireta",
         "partitura": {
            "path": "HolidayRio-pandeireta.pdf"
        
        }}
        ,
         
        {"nome": "Percussão",
         "partitura": {
            "path": "HolidayRio-percussao1.pdf"
        , "voz": "I"
        }}
        ,
         
        {"nome": "Percussão",
         "partitura": {
            "path": "HolidayRio-percussao2.pdf"
        , "voz": "II"
        }}
        ,
         
        {"nome": "Sax Alto",
         "partitura": {
            "path": "HolidayRio-saxA.pdf"
        
        }}
        ,
         
        {"nome": "Sax Barítono",
         "partitura": {
            "path": "HolidayRio-saxB.pdf"
        
        }}
        ,
         
        {"nome": "Sax Tenor",
         "partitura": {
            "path": "HolidayRio-saxT.pdf"
        
        }}
        ,
         
        {"nome": "Trombone",
         "partitura": {
            "path": "HolidayRio-trombone1.pdf"
        , "voz": "I"
        }}
        ,
         
        {"nome": "Trombone",
         "partitura": {
            "path": "HolidayRio-trombone2.pdf"
        , "voz": "II"
        }}
        ,
         
        {"nome": "Trombone",
         "partitura": {
            "path": "HolidayRio-trombone3.pdf"
        , "voz": "III"
        }}
        ,
         
        {"nome": "Trompa",
         "partitura": {
            "path": "HolidayRio-trompa1.pdf"
        , "voz": "I"
        }}
        ,
         
        {"nome": "Trompa",
         "partitura": {
            "path": "HolidayRio-trompa2.pdf"
        , "voz": "II"
        }}
        ,
         
        {"nome": "Trompa",
         "partitura": {
            "path": "HolidayRio-trompa3.pdf"
        , "voz": "III"
        }}
        ,
         
        {"nome": "Trompete",
         "partitura": {
            "path": "HolidayRio-trompete1.pdf"
        , "voz": "I"
        }}
        ,
         
        {"nome": "Trompete",
         "partitura": {
            "path": "HolidayRio-trompete2.pdf"
        , "voz": "II"
        }}
        ,
         
        {"nome": "Trompete",
         "partitura": {
            "path": "HolidayRio-trompete3.pdf"
        , "voz": "III"
        }}
        ,
         
        {"nome": "Trompete",
         "partitura": {
            "path": "HolidayRio-trompete4.pdf"
        , "voz": "IV"
        }}
        ,
         
        {"nome": "Tuba",
         "partitura": {
            "path": "HolidayRio-tuba-sol.pdf"
        , "clave": "Sol"
        }}
        
      ]
    
   }
    