
        {
        "id": "m8",
        
      
        "titulo": "Corpo Místico",
    
      
        "tipo": "Marcha de Procissão",
    
      
        "compositor": "Amílcar Morais",
    
      
        "instrumentos": [
         
        {"nome": "Sax Barítono",
         "partitura": {
            "path": "CMistico-saxB.pdf"
        
        }}
        ,
         
        {"nome": "Maestro",
         "partitura": {
            "path": "CMistico-maestro.pdf"
        
        }}
        
      ]
    
   }
    